task,subtasks,median_demo_seconds,demo_episode_count,mobile_required,summary,source_url
DivideBuffetTrays,16,166,100,Yes,Retrieve four foods from the fridge; separate vegetables and meats onto two serving trays.,https://github.com/robocasa/robocasa/blob/456174f62b89b8fca99eaaf33949c29fec9cfc2a/robocasa/environments/kitchen/composite/arranging_buffet/divide_buffet_trays.py
PackFoodByTemp,15,123,110,Yes,Collect foods from fridge and stove areas; separate cold and warm foods into containers.,https://github.com/robocasa/robocasa/blob/456174f62b89b8fca99eaaf33949c29fec9cfc2a/robocasa/environments/kitchen/composite/packing_lunches/pack_food_by_temp.py
PackIdenticalLunches,15,87,102,Yes,Distribute four ingredients so each of two containers has one vegetable and one meat.,https://github.com/robocasa/robocasa/blob/456174f62b89b8fca99eaaf33949c29fec9cfc2a/robocasa/environments/kitchen/composite/packing_lunches/pack_identical_lunches.py
PrepareCocktailStation,12,131,102,Yes,"Retrieve a lemon, liquor, and glass from different locations; assemble them around a bowl.",https://github.com/robocasa/robocasa/blob/456174f62b89b8fca99eaaf33949c29fec9cfc2a/robocasa/environments/kitchen/composite/serving_beverages/prepare_cocktail_station.py
HotDogSetup,12,104,104,Yes,Arrange bun and condiment at the dining table; retrieve sausage from the fridge and add it.,https://github.com/robocasa/robocasa/blob/456174f62b89b8fca99eaaf33949c29fec9cfc2a/robocasa/environments/kitchen/composite/preparing_sandwiches/hot_dog_setup.py
PrepareDrinkStation,11,135,100,Yes,"Bring cup, mug, and pitcher together at a serving tray.",https://github.com/robocasa/robocasa/blob/456174f62b89b8fca99eaaf33949c29fec9cfc2a/robocasa/environments/kitchen/composite/serving_beverages/prepare_drink_station.py
PlaceBeveragesTogether,11,91,109,Yes,Bring drinks together into a compact cluster at the dining counter.,https://github.com/robocasa/robocasa/blob/456174f62b89b8fca99eaaf33949c29fec9cfc2a/robocasa/environments/kitchen/composite/arranging_buffet/place_beverages_together.py
StoreDumplings,11,91,106,Yes,Distribute four dumplings between two containers; move both filled containers into the fridge.,https://github.com/robocasa/robocasa/blob/456174f62b89b8fca99eaaf33949c29fec9cfc2a/robocasa/environments/kitchen/composite/storing_leftovers/store_dumplings.py
BuildAppetizerPlate,11,90,106,Yes,"Collect cheese, meat, and a vegetable from the fridge onto one serving plate.",https://github.com/robocasa/robocasa/blob/456174f62b89b8fca99eaaf33949c29fec9cfc2a/robocasa/environments/kitchen/composite/filling_serving_dishes/build_appetizer_plate.py
DisplayMeatVariety,11,90,106,Yes,Retrieve three kinds of meat from the fridge onto a serving tray.,https://github.com/robocasa/robocasa/blob/456174f62b89b8fca99eaaf33949c29fec9cfc2a/robocasa/environments/kitchen/composite/filling_serving_dishes/display_meat_variety.py
SetUpSpiceStation,11,84,100,Yes,"Bring spice, bottle, and shaker from the cabinet to the stove area.",https://github.com/robocasa/robocasa/blob/456174f62b89b8fca99eaaf33949c29fec9cfc2a/robocasa/environments/kitchen/composite/seasoning_food/setup_spice_station.py
ClearFreezer,11,82,104,Yes,Transfer foods from the freezer into a counter bowl.,https://github.com/robocasa/robocasa/blob/456174f62b89b8fca99eaaf33949c29fec9cfc2a/robocasa/environments/kitchen/composite/managing_freezer_space/clear_freezer.py
CreateChildFriendlyFridge,11,82,105,Yes,Rearrange alcohol onto an upper shelf and snacks onto lower shelves.,https://github.com/robocasa/robocasa/blob/456174f62b89b8fca99eaaf33949c29fec9cfc2a/robocasa/environments/kitchen/composite/loading_fridge/create_child_friendly_fridge.py
ClearSinkArea,11,77,108,Yes,Relocate mugs and a bowl away from the sink.,https://github.com/robocasa/robocasa/blob/456174f62b89b8fca99eaaf33949c29fec9cfc2a/robocasa/environments/kitchen/composite/cleaning_sink/clear_sink_area.py
MakeBananaMilkshake,11,76,109,Yes,Stage honey and milk near the blender; insert banana into the jug. Blending is not required.,https://github.com/robocasa/robocasa/blob/456174f62b89b8fca99eaaf33949c29fec9cfc2a/robocasa/environments/kitchen/composite/mixing_and_blending/make_banana_milkshake.py
SeparateRawIngredients,11,50,107,Yes,Separate meat or seafood onto a cutting board and vegetables into a bowl.,https://github.com/robocasa/robocasa/blob/456174f62b89b8fca99eaaf33949c29fec9cfc2a/robocasa/environments/kitchen/composite/sorting_ingredients/separate_raw_ingredients.py
RecycleSodaCans,9,146,104,Yes,Collect four scattered cans into a cluster near the stove.,https://github.com/robocasa/robocasa/blob/456174f62b89b8fca99eaaf33949c29fec9cfc2a/robocasa/environments/kitchen/composite/organizing_recycling/recycle_soda_cans.py
BeverageSorting,9,102,102,Yes,Separate alcoholic and nonalcoholic drinks between two cabinets.,https://github.com/robocasa/robocasa/blob/456174f62b89b8fca99eaaf33949c29fec9cfc2a/robocasa/environments/kitchen/composite/restocking_supplies/beverage_sorting.py
BlendMarinade,9,73,108,Yes,"Retrieve two vegetables, load the blender, close its lid, and activate it.",https://github.com/robocasa/robocasa/blob/456174f62b89b8fca99eaaf33949c29fec9cfc2a/robocasa/environments/kitchen/composite/preparing_marinade/blend_marinade.py
PrepareVeggieDip,9,69,101,Yes,"Retrieve vegetable and cream cheese, load the blender, and activate it.",https://github.com/robocasa/robocasa/blob/456174f62b89b8fca99eaaf33949c29fec9cfc2a/robocasa/environments/kitchen/composite/mixing_ingredients/prepare_veggie_dip.py
LoadCondimentsInFridge,9,57,106,Yes,Put condiments on the upper fridge shelf; relocate existing items if necessary.,https://github.com/robocasa/robocasa/blob/456174f62b89b8fca99eaaf33949c29fec9cfc2a/robocasa/environments/kitchen/composite/loading_fridge/load_condiments_in_fridge.py
SetBowlsForSoup,8,135,100,Yes,Transfer cabinet bowls onto plates at the dining table.,https://github.com/robocasa/robocasa/blob/456174f62b89b8fca99eaaf33949c29fec9cfc2a/robocasa/environments/kitchen/composite/setting_the_table/set_bowls_for_soup.py
ReturnWashingSupplies,8,119,100,Yes,Return cleaning supplies from the sink area to a cabinet.,https://github.com/robocasa/robocasa/blob/456174f62b89b8fca99eaaf33949c29fec9cfc2a/robocasa/environments/kitchen/composite/washing_dishes/return_washing_supplies.py
DateNight,8,110,107,Yes,Bring decoration and alcohol from a cabinet to the dining counter.,https://github.com/robocasa/robocasa/blob/456174f62b89b8fca99eaaf33949c29fec9cfc2a/robocasa/environments/kitchen/composite/setting_the_table/date_night.py
CandleCleanup,8,100,102,Yes,Put dining-table decorations into an open cabinet and close it.,https://github.com/robocasa/robocasa/blob/456174f62b89b8fca99eaaf33949c29fec9cfc2a/robocasa/environments/kitchen/composite/clearing_table/candle_cleanup.py
AlcoholServingPrep,8,98,101,Yes,Open a cabinet and bring alcohol and a cup to the decorated dining counter.,https://github.com/robocasa/robocasa/blob/456174f62b89b8fca99eaaf33949c29fec9cfc2a/robocasa/environments/kitchen/composite/serving_food/alcohol_serving_prep.py
PlateStoreDinner,8,95,104,Yes,Divide steaks between a plate and bowl; store the bowl in the fridge.,https://github.com/robocasa/robocasa/blob/456174f62b89b8fca99eaaf33949c29fec9cfc2a/robocasa/environments/kitchen/composite/plating_food/plate_store_dinner.py
SetupButterPlate,8,95,101,Yes,Bring refrigerated butter to a dining-table plate and put a butter knife nearby.,https://github.com/robocasa/robocasa/blob/456174f62b89b8fca99eaaf33949c29fec9cfc2a/robocasa/environments/kitchen/composite/setting_the_table/setup_butter_plate.py
ArrangeBuffetDessert,8,91,103,Yes,Transfer refrigerated sweets onto a serving tray.,https://github.com/robocasa/robocasa/blob/456174f62b89b8fca99eaaf33949c29fec9cfc2a/robocasa/environments/kitchen/composite/arranging_buffet/arrange_buffet_dessert.py
SetupSodaBowl,8,91,100,Yes,Open the fridge; transfer two sodas into the ice bowl at the dining counter.,https://github.com/robocasa/robocasa/blob/456174f62b89b8fca99eaaf33949c29fec9cfc2a/robocasa/environments/kitchen/composite/serving_beverages/setup_soda_bowl.py
FreezeBottledWaters,8,90,103,Yes,Move water bottles into the freezer and close its door.,https://github.com/robocasa/robocasa/blob/456174f62b89b8fca99eaaf33949c29fec9cfc2a/robocasa/environments/kitchen/composite/managing_freezer_space/freeze_bottled_waters.py
SetupFruitBowl,8,90,102,Yes,Bring refrigerated fruits to a bowl on the dining table.,https://github.com/robocasa/robocasa/blob/456174f62b89b8fca99eaaf33949c29fec9cfc2a/robocasa/environments/kitchen/composite/setting_the_table/setup_fruit_bowl.py
SeasoningSpiceSetup,8,88,105,Yes,Bring cabinet condiments to the dining counter.,https://github.com/robocasa/robocasa/blob/456174f62b89b8fca99eaaf33949c29fec9cfc2a/robocasa/environments/kitchen/composite/setting_the_table/seasoning_spice_setup.py
PrepareSausageCheese,8,85,104,Yes,Bring refrigerated sausage and cheese to a cutting board.,https://github.com/robocasa/robocasa/blob/456174f62b89b8fca99eaaf33949c29fec9cfc2a/robocasa/environments/kitchen/composite/preparing_sandwiches/prepare_sausage_cheese.py
ClearReceptaclesForCleaning,8,78,103,Yes,Move tableware into the sink and start the water.,https://github.com/robocasa/robocasa/blob/456174f62b89b8fca99eaaf33949c29fec9cfc2a/robocasa/environments/kitchen/composite/clearing_table/clear_receptacles_for_cleaning.py
PrewashFoodSorting,8,75,106,Yes,Put cabinet foods in one bowl and sink foods in another.,https://github.com/robocasa/robocasa/blob/456174f62b89b8fca99eaaf33949c29fec9cfc2a/robocasa/environments/kitchen/composite/washing_fruits_and_vegetables/prewash_food_sorting.py
CoolBakedCake,8,69,102,Yes,Move cake from the oven onto a plate and close the oven.,https://github.com/robocasa/robocasa/blob/456174f62b89b8fca99eaaf33949c29fec9cfc2a/robocasa/environments/kitchen/composite/baking/cool_baked_cake.py
PlaceVeggiesInDrawer,8,42,105,Yes,Put vegetables into a fridge drawer and close it.,https://github.com/robocasa/robocasa/blob/456174f62b89b8fca99eaaf33949c29fec9cfc2a/robocasa/environments/kitchen/composite/loading_fridge/place_veggies_in_drawer.py
